Date/Time,Word Count,de-DE,en,es-ES,fr-FR,id-ID,it-IT,ja-JP,ko,pl-PL,pt-BR,ru-RU,th,vi-VN,zh-Hans
2025.04.05-02.01.16,0,0,0,0,0,0,0,0,0,0,0,0,0,0,0
2025.04.05-02.06.53,7765,0,7765,0,0,0,0,0,0,0,0,0,0,0,0
2025.04.05-03.23.58,7765,0,7765,0,0,0,0,0,0,0,0,0,219,0,0
2025.04.05-16.29.27,7765,0,7765,0,0,0,0,0,0,0,0,0,361,0,0
2025.04.05-16.31.37,7765,0,7765,0,0,0,0,0,0,0,0,0,406,0,0
2025.04.05-16.34.29,7765,0,7765,0,0,0,0,0,0,0,0,0,483,0,0
2025.04.05-18.24.59,7765,0,7765,0,0,0,0,0,0,0,0,0,596,0,0
2025.05.08-16.48.55,8112,0,8112,0,0,0,0,0,0,0,0,0,653,0,0
2025.05.08-16.58.02,8112,0,8112,0,0,0,0,0,0,0,0,0,680,0,0
2025.05.10-12.33.29,8121,0,8121,0,0,0,0,0,0,0,0,0,705,0,0
2025.05.10-16.54.48,8163,0,8163,0,0,0,0,0,0,0,0,0,1305,0,0
2025.05.10-18.04.09,8188,0,8188,0,0,0,0,0,0,0,0,0,1342,0,0
2025.05.10-18.59.38,8206,0,8206,0,0,0,0,0,0,0,0,0,1355,0,0
2025.05.10-20.09.12,8207,0,8207,0,0,0,0,0,0,0,0,0,1369,0,0
2025.05.10-20.11.06,8207,0,8207,0,0,0,0,0,0,0,0,0,1370,0,0
2025.05.10-20.15.46,8198,0,8198,0,0,0,0,0,0,0,0,0,1342,0,0
2025.05.10-20.37.18,8206,0,8206,0,0,0,0,0,0,0,0,0,1361,0,0
2025.05.11-16.41.33,11446,0,11446,0,0,0,0,0,0,0,0,0,1332,0,0
2025.05.11-22.32.58,11466,0,11466,0,0,0,0,0,0,0,0,0,1461,0,0
2025.05.12-00.09.58,11476,0,11476,0,0,0,0,0,0,0,0,0,1494,0,0
2025.05.13-13.16.47,11554,0,11554,0,0,0,0,0,0,0,0,0,1504,0,0
2025.05.13-17.24.07,11591,0,11591,0,0,0,0,0,0,0,0,0,1542,0,0
2025.05.15-17.01.54,11972,0,11972,0,0,0,0,0,0,0,0,0,1649,0,0
2025.05.15-23.18.59,12035,0,12035,0,0,0,0,0,0,0,0,0,1693,0,0
2025.05.16-20.01.22,12035,0,12035,0,0,0,0,0,0,0,0,0,3533,0,0
2025.05.16-20.25.08,12035,0,12035,0,0,0,0,0,0,0,0,0,4019,0,0
2025.05.17-13.18.26,12073,0,12073,0,0,0,0,0,0,0,0,0,4361,0,0
2025.05.17-13.28.52,12073,0,12073,0,0,0,0,0,0,0,0,0,4399,0,0
2025.05.17-13.34.05,12092,0,12092,0,0,0,0,0,0,0,0,0,4399,0,0
2025.05.17-14.30.09,12465,0,12465,0,0,0,0,0,0,0,0,0,4399,0,0
2025.05.17-15.51.12,12483,0,12483,0,0,0,0,0,0,0,0,0,4428,0,0
2025.05.18-22.32.59,12537,0,12537,0,0,0,0,0,0,0,0,0,4482,0,0
2025.05.18-22.35.51,12537,0,12537,0,0,0,0,0,0,0,0,0,4483,0,0
2025.05.20-16.08.38,12641,0,12641,0,0,0,0,0,0,0,0,0,4533,0,0
2025.05.21-16.47.09,12696,0,12696,0,0,0,0,0,0,0,0,0,4589,0,0
2025.05.21-16.55.36,12696,0,12696,0,0,0,0,0,0,0,0,0,4578,0,0
2025.05.21-17.28.30,12744,0,12744,0,0,0,0,0,0,0,0,0,4578,0,0
2025.05.22-19.34.33,12792,0,12792,0,0,0,0,0,0,0,0,0,4594,0,0
2025.05.22-21.05.57,12826,0,12826,0,0,0,0,0,0,0,0,0,4642,0,0
2025.05.26-22.34.32,12857,0,12857,0,0,0,0,0,0,0,0,0,4627,0,0
2025.05.27-17.47.15,12855,0,12855,0,0,0,0,0,0,0,0,0,4655,0,0
2025.05.28-13.51.25,12841,0,12841,0,0,0,0,0,0,0,0,0,4820,0,0
2025.05.29-12.37.45,12842,0,12842,0,0,0,0,0,0,0,0,0,4820,0,0
2025.05.31-16.51.29,12930,0,12930,0,0,0,0,0,0,0,0,0,4804,0,0
2025.05.31-21.25.03,13073,0,13073,0,0,0,0,0,0,0,0,0,4881,0,0
2025.06.01-13.54.55,13136,0,13136,0,0,0,0,0,0,0,0,0,4934,0,0
2025.06.01-16.28.29,13346,0,13346,0,0,0,0,0,0,0,0,0,4986,0,0
2025.06.05-00.07.41,13452,0,13452,0,0,0,0,0,0,0,0,0,5068,0,0
2025.07.27-16.26.47,14858,0,14858,0,0,0,0,0,0,0,0,0,5249,0,0
2025.07.27-18.09.16,14850,0,14850,0,0,0,0,0,0,0,0,0,5331,0,0
2025.08.06-23.15.06,15092,0,15092,0,0,0,0,0,0,0,0,0,5306,0,0
2025.08.07-14.25.25,15092,0,15092,0,0,0,0,0,0,0,0,0,5309,0,0
2025.08.07-14.33.46,15106,0,15106,0,0,0,0,0,0,0,0,0,5309,0,0
2025.08.07-21.34.09,15106,0,15106,0,0,0,0,0,0,0,0,0,5345,0,0
2025.08.07-21.36.09,15106,0,15106,0,0,0,0,0,0,0,0,0,5345,0,14
2025.08.08-23.50.39,15130,0,15130,0,0,0,0,0,0,0,0,0,5345,0,14
2025.08.11-02.40.45,15141,0,15141,0,0,0,0,0,0,0,0,0,5355,0,14
2025.08.13-19.42.55,15411,0,15411,0,0,0,0,0,0,0,0,0,5368,0,14
2025.08.13-19.58.09,15417,0,15417,0,0,0,0,0,0,0,0,0,5399,0,14
2025.08.22-02.11.22,20163,0,20163,0,0,0,0,0,0,0,0,0,5856,0,14
2025.08.22-14.54.36,20310,0,20310,0,0,0,0,0,0,0,0,0,6044,0,202
2025.08.22-15.03.37,20426,0,20426,0,0,0,0,0,0,0,0,0,6191,0,349
2025.08.22-16.33.02,28931,0,28931,0,0,0,0,0,0,0,0,0,6307,0,697
2025.08.22-19.58.36,28945,0,28945,0,0,0,0,0,0,0,0,0,6513,0,903
2025.08.22-20.42.24,28941,0,28941,0,0,0,0,0,0,0,0,0,6513,0,903
2025.08.22-20.57.45,28948,0,28948,0,0,0,0,0,0,0,0,0,6789,0,903
2025.08.22-21.21.14,29102,0,29102,0,0,0,0,0,0,0,0,0,6789,0,903
2025.08.22-22.19.49,29213,0,29213,0,0,0,0,0,0,0,0,0,7676,0,2032
2025.08.22-23.56.53,29213,0,29213,0,0,0,0,0,0,0,0,0,9112,0,3619
2025.08.23-00.16.43,29213,0,29213,0,0,0,0,0,0,0,0,0,9112,0,4071
2025.08.23-14.54.57,32472,0,32472,0,0,0,0,0,0,0,0,0,9112,0,4071
2025.08.23-14.58.43,32472,0,32472,0,0,0,0,0,0,0,0,0,9201,0,4071
2025.08.23-16.20.07,32472,0,32472,0,0,0,0,0,0,0,0,0,9201,0,4160
2025.08.23-16.52.38,32469,0,32469,0,0,0,0,0,0,0,0,0,9329,0,4207
2025.08.23-17.11.10,32399,0,32399,0,0,0,0,0,0,0,0,0,9617,0,4576
2025.08.24-15.41.29,32446,0,32446,0,0,0,0,0,0,0,0,0,9617,0,4576
2025.08.24-15.51.08,32446,0,32446,0,0,0,0,0,0,0,0,0,9735,0,4694
2025.08.25-14.38.31,32545,0,32545,0,0,0,0,0,0,0,0,0,10044,0,5003
2025.08.29-12.35.48,32571,0,32571,0,0,0,0,0,0,0,0,0,10143,0,5102
2025.08.29-21.36.02,32481,0,32481,0,0,0,0,0,0,0,0,0,10169,0,5128
2025.08.29-21.45.31,32482,0,32482,0,0,0,0,0,0,0,0,0,10282,0,5354
2025.08.29-21.52.26,32492,0,32492,0,0,0,0,0,0,0,0,0,10366,0,5325
2025.08.29-22.01.01,32492,0,32492,0,0,0,0,0,0,0,0,0,10489,0,5448
2025.08.29-22.04.37,32496,0,32496,0,0,0,0,0,0,0,0,0,10411,0,5370
2025.08.30-01.33.02,32508,0,32508,0,0,0,0,0,0,0,0,0,10332,0,5291
2025.08.30-01.51.24,32788,0,32788,0,0,0,0,0,0,0,0,0,10505,0,5464
2025.08.30-18.23.44,33027,0,33027,0,0,0,0,0,0,0,0,0,10785,0,5744
2025.08.30-18.36.22,32809,0,32809,0,0,0,0,0,0,0,0,0,10954,0,5913
2025.08.30-18.56.34,32593,0,32593,0,0,0,0,0,0,0,0,0,10796,0,5755
2025.08.30-19.08.38,32657,0,32657,0,0,0,0,0,0,0,0,0,10796,0,5755
2025.08.30-19.37.37,32803,0,32803,0,0,0,0,0,0,0,0,0,10860,0,5819
2025.08.30-20.06.17,32568,0,32568,0,0,0,0,0,0,0,0,0,11067,0,6026
2025.08.30-20.14.57,32803,0,32803,0,0,0,0,0,0,0,0,0,11067,0,6026
2025.08.31-00.18.21,32804,0,32804,0,0,0,0,0,0,0,0,0,11303,0,6146
2025.08.31-00.29.17,32804,0,32804,0,0,0,0,0,0,0,0,0,11420,0,6263
2025.08.31-00.31.56,32896,0,32896,0,0,0,0,0,0,0,0,0,11420,0,6263
2025.08.31-14.40.55,32884,0,32884,0,0,0,0,0,0,0,0,0,11423,0,6266
2025.09.06-17.43.21,32724,0,32724,0,0,0,0,0,0,0,0,0,11467,0,6373
2025.09.07-14.44.23,32797,0,32797,0,0,0,0,0,0,0,0,0,11476,0,6944
2025.09.08-17.54.36,32672,0,32672,0,0,0,0,0,0,0,0,0,11549,0,6988
2025.09.08-18.05.23,32682,0,32682,0,0,0,0,0,0,0,0,0,11657,0,7099
2025.09.19-21.48.41,32623,0,32623,0,0,0,0,0,0,0,0,0,11967,0,7428
2025.09.20-15.49.48,32612,0,32612,0,0,0,0,0,0,0,0,0,12051,0,7524
2025.09.20-20.31.00,32610,0,32610,0,0,0,0,0,0,0,0,0,12340,0,7894
2025.09.21-16.18.42,32610,0,32610,0,0,0,0,0,0,0,0,0,12914,0,8555
2025.09.21-16.37.40,32673,0,32673,0,0,0,0,0,0,0,0,0,13040,0,8681
2025.09.22-16.22.43,32456,0,32456,0,0,0,0,0,0,0,0,0,14429,0,11379
2025.09.22-16.58.07,32456,0,32456,0,0,0,0,0,0,0,0,0,14487,0,11428
2025.09.26-21.08.21,30180,0,30180,0,0,0,0,0,0,0,0,0,14081,0,10821
2025.09.26-22.51.14,30184,0,30184,0,0,0,0,0,0,0,0,0,14134,0,10874
2025.09.27-00.23.37,30189,0,30189,0,0,0,0,0,0,0,0,0,14208,0,10948
2025.09.27-22.31.37,30189,0,30189,0,0,0,0,0,0,0,0,0,14211,0,10951
2025.09.29-22.00.10,30213,0,30213,0,0,0,0,0,0,0,0,1026,14248,0,11075
2025.09.29-22.13.39,30213,0,30213,0,0,0,0,0,0,0,0,1054,14269,0,11103
2025.09.30-19.17.43,30261,0,30261,0,0,0,0,0,0,0,0,1061,14276,0,11110
2025.09.30-21.25.02,30301,0,30301,0,0,0,0,0,0,0,0,1255,14308,0,11142
2025.09.30-22.28.34,30301,0,30301,0,0,0,0,0,0,0,0,1283,14332,0,11170
2025.09.30-22.34.42,30273,0,30273,0,0,0,0,0,0,0,0,1255,14304,0,11142
2025.09.30-22.39.58,30280,0,30280,0,0,0,0,0,0,0,0,1255,14304,0,11142
2025.10.01-22.26.56,30643,0,30643,0,0,0,0,0,0,0,0,1619,14297,0,11137
2025.10.03-16.00.29,30736,0,30736,0,0,0,0,0,0,0,0,1624,14302,0,11142
2025.10.03-16.10.22,30740,0,30740,0,0,0,0,0,0,0,0,1625,14303,0,11143
2025.10.03-16.17.27,30741,0,30741,0,0,0,0,0,0,0,0,1629,14307,0,11147
2025.10.04-16.46.32,30753,0,30753,0,0,0,0,0,0,0,0,2157,14391,0,11180
2025.10.04-16.50.52,30770,0,30770,0,0,0,0,0,0,0,0,2157,14391,0,11180
2025.10.04-17.22.55,30792,0,30792,0,0,0,0,0,0,0,0,2193,14411,0,11216
2025.10.04-17.30.33,30796,0,30796,0,0,0,0,0,0,0,0,2198,14389,0,11194
2025.10.04-18.48.03,30890,0,30890,0,0,0,0,0,0,0,0,4290,14336,0,11141
2025.10.04-18.53.47,30890,0,30890,0,0,0,0,0,0,0,0,4439,14254,0,11059
2025.10.04-21.36.58,30891,0,30891,0,0,0,0,0,0,0,0,5041,14081,0,10886
2025.10.04-22.05.11,30891,0,30891,0,0,0,0,0,0,0,0,5275,14081,0,10886
2025.10.08-14.15.12,31010,0,31010,0,0,0,0,0,0,0,0,5414,14356,0,11161
2025.10.08-17.36.04,31017,0,31017,0,0,0,0,0,0,0,0,5795,14354,0,11215
2025.10.08-17.44.55,31017,0,31017,0,0,0,0,0,0,0,0,5858,14296,0,11157
2025.10.08-18.02.48,31017,0,31017,0,0,0,0,0,0,0,0,5936,14390,0,11251
2025.10.09-15.31.44,31021,0,31021,0,0,0,0,0,0,0,0,6357,14444,0,11227
2025.10.09-15.46.04,31022,0,31022,0,0,0,0,0,0,0,0,6357,14444,0,11246
2025.10.09-15.56.19,31021,0,31021,0,0,0,0,0,0,0,0,6357,14444,0,11246
2025.10.09-16.17.04,31021,0,31021,0,0,0,0,0,0,0,0,6357,14444,0,11245
2025.10.11-16.24.47,31316,0,31316,0,0,0,0,0,0,0,0,6368,14496,0,11333
2025.10.11-16.42.33,31424,0,31424,0,0,0,0,0,0,0,0,6465,14593,0,11430
2025.10.11-16.47.22,31554,0,31554,0,0,0,0,0,0,0,0,6465,14593,0,11430
2025.10.11-20.08.37,31658,0,31658,0,0,0,0,0,0,0,0,6595,14723,0,11560
2025.10.12-01.39.31,31591,0,31591,0,0,0,0,0,0,0,0,6712,14840,0,11677
2025.10.13-02.28.17,31673,0,31673,0,0,0,0,0,0,0,0,6716,14844,0,11681
2025.10.13-18.56.19,31717,0,31717,0,0,0,0,0,0,0,0,6799,15016,0,11799
2025.10.13-23.01.21,31788,0,31788,0,0,0,0,0,0,0,0,6802,15019,0,11802
2025.10.13-23.34.07,31815,0,31815,0,0,0,0,0,0,0,0,6822,15039,0,11822
2025.10.14-00.27.16,31845,0,31845,0,0,0,0,0,0,0,0,6833,15050,0,11833
2025.10.14-18.31.45,31875,0,31875,0,0,0,0,0,0,0,0,6648,14928,0,11664
2025.10.14-19.42.27,31895,0,31895,0,0,0,0,0,0,0,0,6769,15049,0,11785
2025.10.14-20.08.21,31924,0,31924,0,0,0,0,0,0,0,0,6771,15051,0,11787
2025.10.14-20.12.35,31925,0,31925,0,0,0,0,0,0,0,0,6771,15051,0,11787
2025.10.14-20.51.41,31945,0,31945,0,0,0,0,0,0,0,0,6770,15050,0,11786
2025.10.15-11.01.13,31946,0,31946,0,0,0,0,0,0,0,0,6819,15096,0,11835
2025.10.15-12.53.34,31955,0,31955,0,0,0,0,0,0,0,0,6820,15097,0,11836
2025.10.15-13.03.43,31956,0,31956,0,0,0,0,0,0,0,0,6820,15097,0,11836
2025.10.15-15.12.12,32079,0,32079,0,0,0,0,0,0,0,0,6830,15107,0,11846
2025.10.15-15.23.37,32098,0,32098,0,0,0,0,0,0,0,0,6845,15122,0,11861
2025.10.23-13.45.20,32146,0,32146,0,0,0,0,0,0,0,0,6853,14696,0,11385
2025.10.23-20.35.05,32148,0,32148,0,0,0,0,0,0,0,0,6912,14717,0,11535
2025.10.23-22.28.23,32146,0,32146,0,0,0,0,0,0,0,0,6932,14757,0,11544
2025.10.23-23.22.14,31967,0,31967,0,0,0,0,0,0,0,0,6867,14661,0,11448
2025.10.24-16.03.57,31993,0,31993,0,0,0,0,0,0,0,0,6989,14786,0,11570
2025.10.24-17.22.52,31994,0,31994,0,0,0,0,0,0,0,0,6991,14788,0,11572
2025.10.25-01.27.55,32037,0,32037,0,0,0,0,0,0,0,0,6992,14789,0,11574
2025.10.26-20.59.11,32078,0,32078,0,0,0,0,0,0,0,0,6999,14778,0,11587
2025.10.26-22.05.57,31931,0,31931,0,0,0,0,0,0,0,0,6904,14759,0,11492
2025.10.26-22.55.09,31931,0,31931,0,0,0,0,0,0,0,0,7128,14983,0,11716
2025.10.26-23.43.44,31939,0,31939,0,0,0,0,0,0,0,0,7128,14983,0,11716
2025.10.26-23.54.38,31966,0,31966,0,0,0,0,0,0,0,0,7136,14991,0,11724
2025.10.27-00.09.10,31987,0,31987,0,0,0,0,0,0,0,0,7144,14999,0,11732
2025.10.27-00.15.27,32000,0,32000,0,0,0,0,0,0,0,0,7154,15009,0,11742
2025.10.27-00.35.26,32000,0,32000,0,0,0,0,0,0,0,0,7170,15025,0,11758
2025.10.27-00.50.21,32040,0,32040,0,0,0,0,0,0,0,0,7169,15024,0,11757
2025.10.27-01.17.33,32040,0,32040,0,0,0,0,0,0,0,0,7229,15084,0,11817
2025.10.27-21.22.39,32110,0,32110,0,0,0,0,0,0,0,0,7254,15110,0,11843
2025.10.28-17.13.39,31983,0,31983,0,0,0,0,0,0,0,0,7100,14956,0,11689
2025.10.29-02.39.21,32004,0,32004,0,0,0,0,0,0,0,0,7121,14980,0,11712
2025.10.29-13.26.12,31965,0,31965,0,0,0,0,0,0,0,0,7123,14986,0,11718
2025.10.29-13.48.19,31972,0,31972,0,0,0,0,0,0,0,0,7130,14993,0,11725
2025.10.29-14.02.30,31979,0,31979,0,0,0,0,0,0,0,0,7133,15002,0,11728
2025.10.29-22.18.29,31980,0,31980,0,0,0,0,0,0,0,0,7023,14892,0,11618
2025.10.29-23.02.40,32006,0,32006,0,0,0,0,0,0,0,0,7077,14895,0,11645
2025.10.29-23.06.39,31998,0,31998,0,0,0,0,0,0,0,0,7077,14895,0,11645
2025.10.31-16.28.51,32083,0,32083,0,0,0,0,0,0,0,0,7075,14897,0,11647
2025.10.31-19.31.26,32082,0,32082,0,0,0,0,0,0,0,0,7073,14896,0,11645
2025.10.31-22.41.02,32114,0,32114,0,0,0,0,0,0,0,0,7097,14920,0,11669
2025.11.01-22.06.00,32089,0,32089,0,0,0,0,0,0,0,0,7195,15018,0,11767
2025.11.01-22.24.21,32092,0,32092,0,0,0,0,0,0,0,0,7209,15032,0,11781
2025.11.01-22.31.36,32091,0,32091,0,0,0,0,0,0,0,0,7212,15035,0,11784
2025.11.03-19.11.08,32085,0,32085,0,0,0,0,0,0,0,0,7215,15034,0,11787
2025.11.03-19.57.07,32085,0,32085,0,0,0,0,0,0,0,0,7679,15213,0,12252
2025.11.06-17.17.14,32167,0,32167,0,0,0,0,0,0,0,0,7682,15216,0,12255
2025.11.08-02.14.50,32173,0,32173,0,0,0,0,0,0,0,0,7738,15272,0,12311
2025.11.08-02.21.05,32189,0,32189,0,0,0,0,0,0,0,0,7742,15276,0,12315
2025.11.08-02.28.21,32192,0,32192,0,0,0,0,0,0,0,0,7758,15292,0,12331
2025.11.08-14.50.22,32222,0,32222,0,0,0,0,0,0,0,0,7773,15304,0,12346
2025.11.09-15.00.22,32235,0,32235,0,0,0,0,0,0,0,0,7787,15318,0,12360
2025.11.10-00.13.01,32295,0,32295,0,0,0,0,0,0,0,0,7790,15321,0,12363
2025.11.10-00.29.34,32303,0,32303,0,0,0,0,0,0,0,0,7826,15357,0,12403
2025.11.12-20.40.36,32288,0,32288,0,0,0,0,0,0,0,0,7793,15278,0,12357
2025.11.13-00.54.47,32293,0,32293,0,0,0,0,0,0,0,0,7839,15275,0,12403
2025.11.13-01.33.55,32286,0,32286,0,0,0,0,0,0,0,0,7850,15285,0,12416
2025.11.13-01.51.10,32286,0,32286,0,0,0,0,0,0,0,0,7856,15291,0,12422
2025.11.13-14.31.13,32315,0,32315,0,0,0,0,0,0,0,0,7856,15337,0,12422
2025.11.14-21.46.13,32272,0,32272,0,0,0,0,0,0,0,0,7869,15350,0,12435
2025.11.14-21.56.12,32291,0,32291,0,0,0,0,0,0,0,0,7875,15356,0,12435
2025.11.15-16.57.08,32278,0,32278,0,0,0,0,0,0,0,0,7900,15381,0,12460
2025.11.17-18.57.34,32313,0,32313,0,0,0,0,0,0,0,0,7823,15270,0,12349
2025.11.17-19.32.36,32366,0,32366,0,0,0,0,0,0,0,0,7917,15364,0,12443
2025.11.17-19.50.47,32366,0,32366,0,0,0,0,0,0,0,0,7970,15417,0,12496
2025.11.17-20.21.07,32429,0,32429,0,0,0,0,0,0,0,0,8015,15462,0,12541
2025.11.17-20.32.48,32481,0,32481,0,0,0,0,0,0,0,0,8078,15525,0,12604
2025.11.17-20.47.02,32366,0,32366,0,0,0,0,0,0,0,0,8130,15409,0,12488
2025.11.17-21.10.27,32366,0,32366,0,0,0,0,0,0,0,0,8183,15406,0,12485
2025.11.17-22.04.34,32378,0,32378,0,0,0,0,0,0,0,0,8239,15462,0,12541
2025.11.17-22.11.32,32366,0,32366,0,0,0,0,0,0,0,0,8251,15441,0,12520
2025.11.17-22.23.43,32371,0,32371,0,0,0,0,0,0,0,0,8272,15462,0,12541
2025.11.20-19.34.59,32356,0,32356,0,0,0,0,0,0,0,0,8256,15447,0,12526
2025.11.25-16.57.01,32385,0,32385,0,0,0,0,0,0,0,0,8155,15346,0,12414
2025.11.25-18.25.30,32389,0,32389,0,0,0,0,0,0,0,0,8185,15376,0,12444
2025.11.25-18.41.02,32389,0,32389,0,0,0,0,0,0,0,0,8189,15380,0,12448
2025.11.25-19.09.55,32402,0,32402,0,0,0,0,0,0,0,0,8189,15380,0,12448
2025.11.25-19.24.33,32395,0,32395,0,0,0,0,0,0,0,0,8192,15383,0,12451
2025.11.25-19.38.42,32387,0,32387,0,0,0,0,0,0,0,0,8178,15361,0,12429
2025.11.26-03.16.50,32387,0,32387,0,0,0,0,0,0,0,0,8199,15382,0,12450
2025.11.26-12.19.33,32391,0,32391,0,0,0,0,0,0,0,0,8199,15382,0,12450
2025.11.26-20.29.49,32400,0,32400,0,0,0,0,0,0,0,0,8192,15375,0,12443
2025.11.26-23.33.04,32400,0,32400,1490,0,0,0,1490,1490,0,0,8199,15382,0,12450
2025.11.27-02.27.04,32400,0,32400,1624,0,0,0,1624,1624,0,0,8199,15382,0,12450
2025.11.27-03.17.25,32400,0,32400,1746,0,0,0,1746,1746,0,0,8199,15382,0,12450
2025.11.27-03.43.58,32400,0,32400,2067,0,0,0,2067,2067,0,0,8199,15382,0,12450
2025.11.27-14.47.04,32400,0,32400,2659,0,0,0,2659,2659,0,0,8323,15506,0,12574
2025.11.27-18.48.59,32401,0,32401,3347,0,0,0,3347,3371,0,0,8320,15505,0,12571
2025.11.27-20.22.36,32401,0,32401,3824,0,0,0,3824,3820,0,0,8146,15331,0,12397
2025.11.27-21.03.40,32409,0,32409,4390,0,0,0,4390,4386,0,0,8146,15331,0,12397
2025.11.27-21.12.30,32409,0,32409,4398,0,0,0,4398,4394,0,0,8154,15332,0,12398
2025.11.27-21.21.06,32426,0,32426,4405,0,0,0,4405,4401,0,0,8161,15339,0,12405
2025.11.27-21.33.41,32444,0,32444,4410,0,0,0,4410,4406,0,0,8166,15344,0,12410
2025.11.27-22.28.12,32664,0,32664,4440,0,0,0,4440,4436,0,0,8182,15316,0,12412
2025.11.28-02.02.46,32445,0,32445,4700,0,0,0,4700,4696,0,0,8331,15466,0,12562
2025.11.28-02.09.33,32431,0,32431,4709,0,0,0,4709,4705,0,0,8322,15458,0,12554
2025.11.28-02.37.32,32394,0,32394,4694,0,0,0,4694,4690,0,0,8282,15418,0,12514
2025.11.28-02.58.21,32398,0,32398,4704,0,0,0,4704,4700,0,0,8292,15428,0,12524
2025.11.28-19.46.53,32405,0,32405,4708,0,0,0,4708,4704,0,0,8298,15432,0,12530
2025.11.28-20.19.53,32405,0,32405,4711,0,0,0,4711,4707,0,0,8301,15435,0,12533
2025.11.28-20.33.24,32407,0,32407,4711,0,0,0,4711,4707,0,0,8301,15435,0,12533
2025.11.29-01.16.47,32452,0,32452,4713,0,0,0,4713,4709,0,0,8303,15437,0,12535
2025.11.29-03.10.01,32452,0,32452,4726,0,0,0,4726,4722,0,0,8316,15450,0,12548
2025.11.29-17.04.02,32466,0,32466,4726,0,0,0,4726,4722,0,0,8316,15450,0,12548
2025.11.29-17.14.18,32466,0,32466,4735,0,0,0,4735,4731,0,0,8325,15459,0,12557
2025.11.29-17.35.15,32444,0,32444,4735,0,0,0,4735,4731,0,0,8322,15456,0,12554
2025.11.29-18.25.49,32445,0,32445,4739,0,0,0,4739,4735,0,0,8327,15461,0,12559
2025.11.29-19.27.31,32441,0,32441,4745,0,0,0,4745,4741,0,0,8328,15462,0,12560
2025.11.29-20.33.43,32444,0,32444,4746,0,0,0,4746,4742,0,0,8322,15456,0,12554
2025.11.29-21.00.53,32428,0,32428,4756,0,0,0,4756,4752,0,0,8308,15440,0,12538
2025.11.29-22.37.23,32431,0,32431,4766,0,0,0,4766,4762,0,0,8317,15447,0,12547
2025.11.29-23.41.07,32434,0,32434,4769,0,0,0,4769,4765,0,0,8320,15450,0,12550
2025.11.30-00.19.50,32408,0,32408,4775,0,0,0,4775,4771,0,0,8224,15354,0,12454
2025.11.30-00.55.34,32383,0,32383,4851,0,0,0,4851,4847,0,0,8268,15398,0,12498
2025.11.30-01.22.39,32388,0,32388,4858,0,0,0,4858,4854,0,0,8268,15391,0,12498
2025.11.30-01.38.34,32452,0,32452,4870,0,0,0,4870,4866,0,0,8280,15410,0,12510
2025.11.30-02.21.53,32456,0,32456,4934,0,0,0,4934,4930,0,0,8324,15470,0,12554
2025.11.30-02.37.27,32509,0,32509,4958,0,0,0,4958,4954,0,0,8348,15494,0,12578
2025.11.30-15.26.21,32514,0,32514,5011,0,0,0,5011,5007,0,0,8400,15546,0,12630
2025.11.30-19.19.41,32528,0,32528,5017,0,0,0,5017,5013,0,0,8395,15540,0,12625
2025.11.30-23.00.21,32513,0,32513,5042,0,0,0,5042,5038,0,0,8383,15581,0,12616
2025.12.01-00.25.27,32456,0,32456,5120,0,0,0,5120,5116,0,0,8408,15534,0,12569
2025.12.01-19.57.50,32517,0,32517,5135,0,0,0,5135,5131,0,0,8423,15549,0,12584
2025.12.01-20.08.56,32535,0,32535,5135,0,0,0,5135,5131,0,0,8423,15549,0,12584
2025.12.01-20.17.39,32539,0,32539,5135,0,0,0,5135,5131,0,0,8423,15549,0,12584
2025.12.01-22.02.42,32410,0,32410,5217,0,0,0,5217,5213,0,0,8408,15497,0,12530
2025.12.02-00.25.55,32406,0,32406,5233,0,0,0,5233,5229,0,0,8420,15508,0,12542
2025.12.02-21.00.53,32405,0,32405,5236,0,0,0,5236,5232,0,0,8406,15494,0,12528
2025.12.04-16.33.10,32401,0,32401,5250,0,0,0,5250,5246,0,0,8398,15486,0,12520
2025.12.04-19.57.39,32400,0,32400,5262,0,0,0,5262,5258,0,0,8402,15490,0,12524
2025.12.04-20.14.28,32403,0,32403,5267,0,0,0,5267,5263,0,0,8407,15495,0,12529
2025.12.04-22.21.06,32400,0,32400,5270,0,0,0,5270,5266,0,0,8403,15491,0,12525
2025.12.05-01.16.40,32405,0,32405,5277,0,0,0,5277,5273,0,0,8410,15498,0,12532
2025.12.05-02.00.57,32407,0,32407,5281,0,0,0,5281,5277,0,0,8414,15502,0,12536
2025.12.05-19.57.31,32396,0,32396,5283,0,0,0,5283,5279,0,0,8396,15484,0,12518
2025.12.05-20.15.32,32407,0,32407,5289,0,0,0,5289,5285,0,0,8402,15490,0,12524
2025.12.06-14.43.29,32408,0,32408,5296,0,0,0,5296,5292,0,0,8409,15497,0,12531
2025.12.06-19.22.22,32398,0,32398,5300,0,0,0,5300,5296,0,0,8413,15501,0,12535
2025.12.06-19.57.47,32389,0,32389,5308,0,0,0,5308,5304,0,0,8413,15493,0,12527
2025.12.09-16.51.15,32466,0,32466,5315,0,0,0,5315,5311,0,0,8416,15496,0,12530
2025.12.09-18.18.23,32539,0,32539,5372,0,0,0,5372,5368,0,0,8473,15553,0,12587
2025.12.09-19.04.30,32539,0,32539,5445,0,0,0,5445,5441,0,0,8546,15626,0,12660
2025.12.09-19.10.32,32540,0,32540,5445,0,0,0,5445,5441,0,0,8546,15626,0,12660
2025.12.09-19.28.39,32562,0,32562,5450,0,0,0,5450,5446,0,0,8551,15631,0,12665
2025.12.09-19.54.02,32562,0,32562,5456,0,0,0,5456,5452,0,0,8557,15634,0,12668
2025.12.10-20.39.53,32572,0,32572,5461,0,0,0,5461,5457,0,0,8560,15637,0,12673
2025.12.11-15.52.09,32509,0,32509,5456,3902,3902,0,5456,5452,0,3902,8555,15632,0,12668
2025.12.11-21.16.46,32514,0,32514,5465,5610,5610,0,5465,5461,0,5610,8564,15641,0,12677
2025.12.11-21.21.43,32514,0,32514,5465,5610,5610,0,5465,5608,0,5610,8564,15641,0,12677
2025.12.11-21.29.02,32514,147,32514,5612,5610,5610,0,5612,5608,0,5610,8564,15641,0,12677
2025.12.12-03.06.02,32514,5610,32514,5612,5610,5610,0,5612,5608,0,5610,8564,15641,0,12677
2025.12.16-16.10.43,32526,5543,32526,5545,5543,5543,0,5545,5541,0,5543,8496,15573,0,12609
2025.12.16-20.21.08,32546,5603,32546,5605,5603,5603,0,5605,5601,0,5603,8556,15633,0,12669
2025.12.18-01.42.56,32541,5603,32541,5609,5607,5607,0,5609,5605,0,5607,8560,15633,0,12673
2025.12.18-04.13.23,32542,5603,32542,5609,5607,5607,0,5609,5605,0,5607,8560,15633,0,12673
2025.12.19-17.10.21,32486,5608,32486,5610,5608,5608,0,5610,5606,0,5608,8561,15585,0,12610
2025.12.20-15.11.02,32496,5619,32496,5621,5619,5619,0,5621,5617,0,5619,8572,15596,0,12632
2025.12.21-01.18.49,32355,5629,32355,5631,5629,5629,0,5631,5627,0,5629,8579,15463,0,12499
2025.12.21-01.34.16,32357,5629,32357,5631,5629,5629,0,5631,5627,0,5629,8576,15451,0,12487
2025.12.22-19.38.06,32384,5648,32384,5650,5648,5648,0,5650,5646,0,5648,8595,15470,0,12506
2025.12.22-19.55.56,32394,5648,32394,5650,5648,5648,0,5650,5646,0,5648,8595,15470,0,12506
2025.12.22-21.30.58,32410,5692,32410,5694,5692,5692,0,5694,5690,0,5692,8639,15514,0,12550
2025.12.22-21.33.26,32411,5692,32411,5694,5692,5692,0,5694,5690,0,5692,8639,15514,0,12550
2025.12.26-15.36.22,32465,5698,32465,5700,5698,5698,0,5700,5696,0,5698,8645,15520,0,12556
2025.12.26-19.23.11,32464,5708,32464,5710,5708,5708,0,5710,5706,0,5708,8655,15530,0,12566
2025.12.27-01.19.24,32464,5717,32464,5710,5708,5708,0,5710,5706,0,5717,8655,15530,0,12566
2025.12.27-20.45.32,32464,5719,32464,5712,5710,5710,0,5712,5708,12568,5719,8657,15532,0,12568
2025.12.30-19.35.50,32466,5719,32466,5710,5710,5710,0,5710,5706,13030,5719,8655,15539,0,12566
2026.01.03-16.11.16,32466,5723,32466,5714,5714,5714,0,5714,5710,13034,5723,8659,15543,0,12570
2026.01.03-22.51.40,32466,5721,32466,5712,5712,5712,0,5712,5708,13032,5721,8657,15542,15720,12568
2026.01.04-19.07.49,32447,5657,32447,5648,5648,5648,0,5648,5644,12967,5657,8593,15477,15655,12504
2026.01.05-03.11.36,32449,5657,32449,5648,5648,5648,0,5648,5644,12967,5657,8593,15477,15655,12504
2026.01.07-19.29.07,30545,5659,30545,5650,5650,5650,0,5650,5646,11887,5659,8008,14503,14681,11424
2026.01.09-00.48.46,30530,5710,30530,5701,5701,5701,0,5701,5697,11929,5710,8050,14545,14723,11466
2026.01.10-01.34.24,30531,5710,30531,5701,5701,5701,0,5701,5697,11929,5710,8050,14545,14723,11466
2026.01.10-02.02.50,30531,5748,30531,5739,5739,5739,0,5739,5735,11967,5748,8088,14583,14761,11504
2026.01.11-19.55.55,30548,5749,30548,5740,5740,5740,0,5740,5736,11968,5749,8089,14584,14762,11505
2026.01.11-23.51.53,30548,5751,30548,5742,5742,5742,0,5742,5738,11970,5815,8091,14586,14764,11507
2026.01.14-15.08.23,30563,5820,30563,5811,5811,5811,0,5809,5807,12037,5820,8160,14655,14833,11574
2026.01.15-01.07.00,30567,5824,30567,5815,5815,5815,14677,5813,5811,12041,5824,8164,14659,14837,11578
2026.01.15-01.24.55,30543,5826,30543,5817,5817,5817,14641,5815,5813,12019,5826,8166,14637,14815,11556
2026.01.15-20.37.03,30586,5826,30586,5817,5817,5817,14815,5815,5817,12019,5826,8166,14637,14815,11556
2026.01.18-01.22.06,30634,5837,30634,5828,5828,5828,14826,5826,5828,12030,5837,8177,14648,14826,11567
2026.01.18-01.42.23,30634,5865,30634,5856,5856,5856,14854,5854,5856,12058,5865,8205,14676,14854,11595
2026.01.18-17.31.29,30665,5865,30665,5856,5856,5856,14854,5854,5856,12058,5865,8205,14676,14854,11595
2026.01.18-18.53.21,30698,5876,30698,5867,5867,5867,14865,5865,5867,12069,5876,8216,14687,14865,11606
2026.01.18-19.59.13,30717,5877,30717,5868,5868,5868,14866,5866,5868,12070,5877,8217,14688,14866,11607
2026.01.19-00.36.18,30721,5880,30721,5871,5871,5871,14869,5869,5871,12073,5880,8220,14691,14869,11610
2026.01.21-00.06.15,30748,5889,30748,5880,5880,5880,14875,5878,5880,12079,5889,8229,14692,14875,11616
2026.01.21-01.10.59,30755,5879,30755,5870,5870,5870,14865,5868,5870,12069,5879,8219,14682,14865,11606
2026.01.21-17.07.05,30772,5902,30772,5893,5893,5893,14888,5891,5893,12092,5902,8242,14693,14888,11629
2026.01.22-19.48.47,30896,5903,30896,5894,5894,5894,14889,5892,5894,12093,5903,8243,14694,14889,11630
2026.01.22-21.12.56,30916,5919,30916,5910,5910,5910,14905,5908,5910,12109,5919,8259,14710,14905,11646
2026.01.23-22.20.17,30932,5930,30932,5921,5921,5921,14916,5919,5921,12120,5930,8270,14721,14916,11657
2026.01.24-00.30.50,30932,5939,30932,5930,5930,5930,14925,5928,5930,12129,5939,8279,14730,14925,11666
2026.01.24-04.56.20,30900,5947,30900,5938,5938,5938,14933,5936,5938,12137,5947,8461,14917,14933,11848
2026.01.25-02.56.35,30842,5935,30842,5926,5926,5926,14921,5924,5926,12125,5935,8449,14917,14921,11836
2026.01.25-19.19.35,30863,5947,30863,5938,5938,5938,14933,5936,5938,12137,5947,8461,14929,14933,11848
2026.01.25-22.40.50,30871,5952,30871,5943,5943,5943,14938,5941,5943,12142,5952,8466,14934,14938,11853
2026.01.27-15.19.59,30921,5960,30921,5951,5951,5951,14946,5949,5951,12150,5960,8474,14942,14946,11861
2026.01.27-15.49.09,30944,5960,30944,5951,5951,5951,14946,5949,5951,12150,5960,8474,14942,14946,11861
2026.01.27-16.17.27,30946,5967,30946,5958,5958,5958,14953,5956,5958,12157,5967,8481,14949,14953,11868
2026.01.28-02.09.16,30948,6019,30948,6010,6010,6010,15005,6008,6010,12209,6019,8533,15001,15005,11920
2026.01.28-17.07.07,30955,6021,30955,6012,6012,6012,15007,6010,6012,12211,6021,8535,15003,15007,11922
2026.01.29-03.49.11,30959,5997,30959,5988,5988,5988,14983,5986,5988,12187,5997,8511,14979,14983,11898
2026.01.29-04.02.47,30959,5997,30959,5988,5988,5988,14983,5986,5988,12187,5997,8511,14998,14983,11898
2026.01.29-18.49.49,30968,6016,30968,6007,6007,6007,15002,6007,6007,12206,6016,8530,14998,15002,11919
2026.01.30-00.05.56,30980,6001,30980,5992,5992,5992,14987,5992,5992,12191,6001,8515,14983,14987,11904
2026.01.30-03.41.41,30980,6032,30980,6023,6023,6023,15018,6023,6023,12222,6032,8546,15014,15018,11935
2026.01.31-15.21.16,30984,6037,30984,6028,6028,6028,15023,6028,6028,12227,6037,8551,15019,15023,11940
2026.01.31-17.40.45,31013,6039,31013,6030,6030,6030,15025,6030,6030,12229,6039,8553,15021,15025,11942
2026.01.31-20.30.57,31180,6044,31180,6035,6035,6035,15030,6035,6035,12234,6044,8558,15026,15030,11947
2026.02.01-00.12.27,31198,6195,31198,6186,6186,6186,15181,6186,6186,12385,6195,8709,15177,15181,12098
2026.02.01-21.38.44,31209,6213,31209,6204,6204,6204,15199,6204,6204,12403,6213,8727,15195,15199,12116
2026.02.02-17.52.15,31227,6221,31227,6212,6212,6212,15207,6212,6212,12411,6221,8735,15203,15207,12124
2026.02.02-18.40.42,31235,6221,31235,6212,6212,6212,15207,6212,6212,12411,6221,8735,15203,15207,12124
2026.02.05-18.29.38,31237,6247,31237,6238,6238,6238,15233,6238,6238,12437,6247,8761,15229,15233,12150
2026.02.05-18.36.27,31239,6247,31239,6238,6238,6238,15233,6238,6238,12437,6247,8761,15229,15233,12150
